[
  {
    "title": "Liberation Hour Radio",
    "type": "Podcast",
    "url": "https://youtu.be/C1AsYoKAa9M?si=jsEEgHcS4xzHgjI1",
    "year": "2021-2025"
  },
  {
    "title": "Vegan Hacks Podcast (no longer available)",
    "type": "Podcast",
    "url": "https://youtu.be/HK9RhrKHO8g",
    "note": "Video removed / unavailable"
  },
  {
    "title": "Slightly Crazy Vegan (channel terminated)",
    "type": "Podcast",
    "url": "https://youtu.be/wpCH9ldiePY",
    "note": "Channel terminated"
  },
  {
    "title": "Peace with Rhys",
    "type": "Podcast",
    "url": "https://youtu.be/mlBFWNU3kRA"
  },
  {
    "title": "Grumpy Vegan Grandad",
    "type": "Interview",
    "url": "https://youtu.be/Wj-PyRo7OZ4"
  },
  {
    "title": "Nation Rising Speaker Series",
    "type": "Interview",
    "url": "https://fb.watch/91PPtUO9mk/"
  },
  {
    "title": "The Vegan Poet 1973",
    "type": "Interview",
    "url": "https://youtu.be/cFacuT1mIPo"
  },
  {
    "title": "Brave New Life Project",
    "type": "Interview",
    "url": "https://m.youtube.com/watch?v=XzfRj4TDGb0&feature=youtu.be"
  },
  {
    "title": "Calling All Vegans",
    "type": "Interview",
    "url": "https://youtu.be/Vso-ulqS1L4?si=Oj3JD2iLS2Oc6nmV"
  },
  {
    "title": "Liberation Pledge \u2014 Vegan Pixie Warrior",
    "type": "Interview",
    "url": "https://youtu.be/kGL4oUpZWUI"
  },
  {
    "title": "Activism \u2014 Vegan Pixie Warrior",
    "type": "Interview",
    "url": "https://youtu.be/16EZ05_3ARE"
  },
  {
    "title": "Emerging World Project Podcast (show page)",
    "type": "Podcast",
    "url": "https://anchor.fm/whatareyoudoinghere//"
  },
  {
    "title": "Emerging World Project \u2014 Episode page",
    "type": "Podcast",
    "url": "https://creators.spotify.com/pod/profile/whatareyoudoinghere/episodes/David--The-40-Year-Old-Vegan--A-former-slaughterhouse-inspector-unveils-the-dark-side-of-animal-agriculture-e27rqcf"
  },
  {
    "title": "Bonn Park Podcast (most recent)",
    "type": "Podcast",
    "url": "https://open.spotify.com/episode/1pDFAlMSW0egmbGLswhZvi?si=DsNIPOmmR8GI4zHJODsJEw"
  },
  {
    "title": "David Ramms \u2014 I\u2019m on the Last Hour",
    "type": "Interview",
    "url": "https://youtu.be/4dzXrZ78QZM"
  },
  {
    "title": "VegOut",
    "type": "Podcast",
    "url": "https://open.spotify.com/episode/1BbIHb24TL049sIpdOPieq?si=vlClbOC7TG-YIGGjReSEnA"
  },
  {
    "title": "Vegan FTA / Vegan Gaze",
    "type": "Interview",
    "url": "https://youtu.be/e4mRK1gQ_m8?si=OgXdI4Bx56AgohRq"
  },
  {
    "title": "Plant Geezer",
    "type": "Interview",
    "url": "https://youtu.be/RlbezTB_GVE?si=ZyMisAB5OYfUK-pR"
  },
  {
    "title": "Animal Justice Project (AJP)",
    "type": "Interview",
    "url": "https://youtu.be/YdU0bA4TvD8?si=D0LGeLwmjOqF3vzH"
  },
  {
    "title": "What It Was Like \u2014 The Peaceful Podcast",
    "type": "Podcast",
    "url": "https://open.spotify.com/episode/1ad6mTx6l0M98kYm6rsuMZ?si=7FRx56YyTjStzXZ20j-Pxg"
  },
  {
    "title": "Hamilton Spectator \u2014 Op-ed",
    "type": "Article",
    "url": "https://www.thespec.com/opinion/contributors/2021/05/25/covid-19-taught-us-we-need-to-fix-our-broken-food-system.html?fbclid=IwAR2ai96KLx1FZthso44IhSK1GAjfHUJImmrco2FFZhqZttOxYYJCwr29vZA"
  },
  {
    "title": "Sentient Media \u2014 Slaughterhouse Work Is Still Some of the Most Exploited Labor",
    "type": "Article",
    "url": "https://sentientmedia.org/slaughterhouse-work-exploited-labor/"
  },
  {
    "title": "Corporate Knights \u2014 Is it time for a just transition in the meatpacking industry?",
    "type": "Article",
    "url": "https://www.corporateknights.com/category-food/is-it-time-for-a-just-transition-in-the-meatpacking-industry/"
  },
  {
    "title": "Animal Activism Collective \u2014 Livestream",
    "type": "Livestream",
    "url": "https://www.youtube.com/live/B-85mbV--F0?si=uXzSj2Bf3SaHX6-g"
  },
  {
    "title": "Sky Jack Morgan \u2014 Livestream",
    "type": "Livestream",
    "url": "https://www.youtube.com/live/fzAN0FUQ4mc?si=ksTPzsZgglidasWq"
  },
  {
    "title": "Mel & Steve \u2014 Livestream",
    "type": "Livestream",
    "url": "https://www.youtube.com/live/KgKYJ62-pTY?si=5wHY1wDvrJyBYP5x"
  },
  {
    "title": "UTM Antivivisection \u2014 Interview with Hero the rescued Beagle",
    "type": "Protest",
    "url": "https://youtu.be/oCyBl9wSU-M"
  },
  {
    "title": "Fearmans (Regan Russell\u2019s father speaks)",
    "type": "Protest",
    "url": "https://youtu.be/avdluZ3r1lI"
  },
  {
    "title": "Springbrook Fur Farm (TW)",
    "type": "Investigation",
    "url": "https://youtu.be/5UTYt0DpNBQ"
  },
  {
    "title": "Grumpy Vegan Grandad \u2014 Vigils (1)",
    "type": "Investigation",
    "url": "https://youtu.be/_jpeu3gsb0s?si=OHf-8dWGaan_2sVW"
  },
  {
    "title": "Grumpy Vegan Grandad \u2014 Vigils (2)",
    "type": "Investigation",
    "url": "https://youtu.be/pLoZMlwFe-A?si=o_RSdwJWzk5hYJTL"
  },
  {
    "title": "They Call Us Criminals \u2014 Trailer (funding)",
    "type": "Documentary",
    "url": "https://youtu.be/WACEz-tLKvE"
  },
  {
    "title": "Vegan World Film \u2014 Trailer (funding)",
    "type": "Documentary",
    "url": "https://youtu.be/yjobPwdqd8w"
  },
  {
    "title": "Linktree (all links)",
    "type": "Link",
    "url": "https://linktr.ee/The40yearoldVegan?fbclid=PAQ0xDSwMHic1leHRuA2FlbQIxMQABp6_guALhk9kQVqeq0Hu4YQyAsSLnSAOdPjqvwB7g6ia9ppxeCjJvkHPp_i1i_aem_JQ1WPWrJoDlRcs3pAR6V4g"
  },
  {
    "title": "Facebook",
    "type": "Link",
    "url": "https://www.facebook.com/share/1ABxQWi8wB/?mibextid=wwXIfr"
  },
  {
    "title": "Future: Dr. Melanie Joy \u2014 Directed by Jordan Ehrlich (What meat does to your brain)",
    "type": "Future",
    "url": "",
    "note": "In production"
  },
  {
    "title": "Transfarmation \u2014 Upcoming speaker panel",
    "type": "Future",
    "url": "https://instagram.com/farmtransitionacademy?igshid=YmMyMTA2M2Y="
  },
  {
    "title": "Brave New Life Project (Instagram)",
    "type": "Future",
    "url": "https://instagram.com/bravenewlifeproject?igshid=YmMyMTA2M2Y="
  },
  {
    "title": "Jamie\u2019s Corner (TBA)",
    "type": "Future",
    "url": ""
  },
  {
    "title": "PETA Feature",
    "type": "Feature",
    "url": "https://www.facebook.com/share/v/QtkQr3wnJkaMNhyP/?mibextid=KsPBc6"
  }
]